created_at,full_text,truncated,display_text_range,result_type,in_reply_to_screen_name,contributors,is_quote_status,retweet_count,favorite_count,possibly_sensitive,text,location,description,protected,followers_count,friends_count,listed_count,created_at.1,verified,statuses_count,hashtags,user_mentions,urls,media
2022-04-30T12:37:41Z,"30 April 1943 | Eddy Hamel was murdered in a gas chamber in #Auschwitz. Born in #NYC in 1902. As a teenager, he moved to Amsterdam. 1st Jewish player in @AFCAjax. He scored 8 goals in 125 league games. After arrest in Oct 1942, he was deported to Auschwitz with his wife &amp; 2 kids. https://t.co/2Hr0DrMEI0",FALSE,284,popular,NA,NA,FALSE,1096,6505,FALSE,"30 April 1943 | Eddy Hamel was murdered in a gas chamber in #Auschwitz. Born in #NYC in 1902. As a teenager, he moved to Amsterdam. 1st Jewish player in @AFCAjax. He scored 8 goals in 125 league games. After arrest in Oct 1942, he was deported to Auschwitz with his wife &amp; 2 kids. https://t.co/2Hr0DrMEI0","O≈õwiƒôcim, Polska",Official account EN. The Memorial preserves the site of the former German Nazi Auschwitz concentration and extermination camp. You can help https://t.co/j6IljJa4vT,FALSE,1330021,2449,2619,2022-04-30T12:37:41Z,TRUE,116313,2,1,0,1
2022-04-29T22:40:49Z,"Tonight @77WABCradio starting at 10pm: #Biden‚Äôs new chief of disinformation #MaryPoppins will rat you out to the Feds... Doesn‚Äôt that seem very un-American!?! Plus, skyrocketing #crime &amp; #NYC‚Äôs mayor focuses on #police using cellphones! Taking YOUR calls tonight at 800-848-9222.",FALSE,283,popular,NA,NA,FALSE,134,126,NA,"Tonight @77WABCradio starting at 10pm: #Biden‚Äôs new chief of disinformation #MaryPoppins will rat you out to the Feds... Doesn‚Äôt that seem very un-American!?! Plus, skyrocketing #crime &amp; #NYC‚Äôs mayor focuses on #police using cellphones! Taking YOUR calls tonight at 800-848-9222.",New York,"Emmy-Winning TV Host, Female Legend of The Year in Radio, Host #WABC 10pmET-12, #Veterans Supporter, NYT Best Seller QUIET HERO, Chair of #GlobalService #LIU",FALSE,72584,25346,424,2022-04-29T22:40:49Z,TRUE,16184,5,1,0,0
2022-04-30T18:00:01Z,"In case you missed the @RitaCosby show: #Biden names a chief of #disinformation #MaryPoppins to snitch on Americans &amp; others. Plus, in the midst of skyrocketing #crime, #NYC‚Äôs mayor chooses to focus on #cops cell phones!

listen here: 
https://t.co/1TIATWmxsU",FALSE,263,popular,NA,NA,FALSE,47,20,FALSE,"In case you missed the @RitaCosby show: #Biden names a chief of #disinformation #MaryPoppins to snitch on Americans &amp; others. Plus, in the midst of skyrocketing #crime, #NYC‚Äôs mayor chooses to focus on #cops cell phones!

listen here: 
https://t.co/1TIATWmxsU","New York, NY","The official account of TALKRADIO 77 WABC 
New York's News & Talk Station",FALSE,22736,678,379,2022-04-30T18:00:01Z,TRUE,54486,6,1,1,0
2022-05-01T02:50:13Z,#NowPlaying Horizon by Andrew Stephen listen live on https://t.co/cmU7NoHbWC #Radio #NYC https://t.co/PMYe553FMg,FALSE,88,recent,NA,NA,FALSE,0,0,FALSE,#NowPlaying Horizon by Andrew Stephen listen live on https://t.co/cmU7NoHbWC #Radio #NYC https://t.co/PMYe553FMg,"Bushwick, Brooklyn",Real radio for real people (and bots if they wanna listen.) üéß Support #PublicRadio curated by humans not an algorithm. $bondfireradio,FALSE,2531,2471,98,2022-05-01T02:50:13Z,FALSE,362656,3,0,1,1
2022-05-01T02:49:54Z,"Yankees fam:
It‚Äôs my goal to get my true crime audiobook short in the NYC library!
Would anyone mind requesting the library stock it? If so I can send you a free copy as well. The ISBN is 9781733528009 and it‚Äôs Tourist Trap by Fred Shrum 

#NYC #NewYorkCity #RepBX https://t.co/2iSm9ArBgU",FALSE,264,recent,NA,NA,FALSE,0,0,FALSE,"Yankees fam:
It‚Äôs my goal to get my true crime audiobook short in the NYC library!
Would anyone mind requesting the library stock it? If so I can send you a free copy as well. The ISBN is 9781733528009 and it‚Äôs Tourist Trap by Fred Shrum 

#NYC #NewYorkCity #RepBX https://t.co/2iSm9ArBgU",America The Beautiful,"Dad, Baseball Writer, Contributor at @YanksGoYardFS Graduate of @usouthflorida Yankees, Bulls, Tarpons, Rays, Buccaneers, Capitals, Wizards, Lightning, Mystics",FALSE,660,1525,4,2022-05-01T02:49:54Z,FALSE,1900,3,0,0,1
2022-05-01T02:49:00Z,"TSA: Traveling with Diabetes 2022
https://t.co/10gnKo9pEF
#USA #NYC #diabetes #inhalers #medication #Crypto #NFT #Travel #hipoglucemia #cold #pack #sugarmeter https://t.co/HsAyxTQiJw",FALSE,158,recent,NA,NA,FALSE,0,3,FALSE,"TSA: Traveling with Diabetes 2022
https://t.co/10gnKo9pEF
#USA #NYC #diabetes #inhalers #medication #Crypto #NFT #Travel #hipoglucemia #cold #pack #sugarmeter https://t.co/HsAyxTQiJw",,"History of Tourism - Guides & Reviews of Travel, Places,  Tourism & Vacations",FALSE,302,210,7,2022-05-01T02:49:00Z,FALSE,19540,12,0,1,1
2022-05-01T02:48:13Z,"Office Moving ‚Äì Pre Move

Read the full article: Your Super Handy Guide to Office Moving
‚ñ∏ https://t.co/gDDTFA9tpy

#5StarsMovers #NewYork #NYC #NYClife #Manhattan #NY #NewYorkCity #LOVE #MovingDay #Movers https://t.co/JMcBZDCOsv",FALSE,205,recent,NA,NA,FALSE,0,0,FALSE,"Office Moving ‚Äì Pre Move

Read the full article: Your Super Handy Guide to Office Moving
‚ñ∏ https://t.co/gDDTFA9tpy

#5StarsMovers #NewYork #NYC #NYClife #Manhattan #NY #NewYorkCity #LOVE #MovingDay #Movers https://t.co/JMcBZDCOsv","New York, NY","Here at 5 Stars Movers, we offer professional local moving and long distance moving services to our fellow New Yorkers. We offer peace of mind on your moving.",FALSE,182,114,0,2022-05-01T02:48:13Z,FALSE,10649,10,0,1,1
2022-05-01T02:47:25Z,"#NowPlaying on #tunein #hot365media #hot365radio #alwayshot #hot365atlanta #southernsoul #hiphop #rnb #rap #stl #chicago #vadjs #atl #nyc #atldjs #allstardjs #midwest #socal #newyork #indieartists #independentartists:DJ Raymond - HOT365 Mix2  ""https://www.hot365radio",FALSE,267,recent,NA,NA,FALSE,0,0,NA,"#NowPlaying on #tunein #hot365media #hot365radio #alwayshot #hot365atlanta #southernsoul #hiphop #rnb #rap #stl #chicago #vadjs #atl #nyc #atldjs #allstardjs #midwest #socal #newyork #indieartists #independentartists:DJ Raymond - HOT365 Mix2  ""https://www.hot365radio","St Louis, MO","Please enjoy our 24x7 Live Playlist where you'll see Hip Hop, RnB, Southern Soul Artists and Songs",FALSE,188,59,1,2022-05-01T02:47:25Z,FALSE,35764,22,0,0,0
2022-05-01T02:47:10Z,"#NP I Like the Way (The Kissing Game) by Hi-Five listen here, it's free! https://t.co/cmU7NoHbWC #Radio #NYC https://t.co/URN5FMfQi3",FALSE,108,recent,NA,NA,FALSE,0,0,FALSE,"#NP I Like the Way (The Kissing Game) by Hi-Five listen here, it's free! https://t.co/cmU7NoHbWC #Radio #NYC https://t.co/URN5FMfQi3","Bushwick, Brooklyn",Real radio for real people (and bots if they wanna listen.) üéß Support #PublicRadio curated by humans not an algorithm. $bondfireradio,FALSE,2531,2471,98,2022-05-01T02:47:10Z,FALSE,362656,3,0,1,1
2022-05-01T02:47:05Z,@nypost @IDontrustBiden Corruption City #NYC,FALSE,44,recent,nypost,NA,FALSE,0,1,NA,@nypost @IDontrustBiden Corruption City #NYC,New York,Here for the party. Eagles. Yankees. ‚ÄòCuse. Knicks. IPA connoisseur. Pontoon Cruiser.,FALSE,1125,4906,3,2022-05-01T02:47:05Z,FALSE,17919,1,2,0,0
2022-05-01T02:45:16Z,2022 All #NewMusic üö® OUT NOW! #reels #instagramreels #trending #streaming #nowplaying  #micdneromusic All platforms! #viralmusic #beats #instrumentals #rap #rappers #singers #dancers #mcs #nyc #production @unitedmasters @MicDnero That  Steam Yo!üí®üí®,FALSE,247,recent,NA,NA,FALSE,0,0,NA,2022 All #NewMusic üö® OUT NOW! #reels #instagramreels #trending #streaming #nowplaying  #micdneromusic All platforms! #viralmusic #beats #instrumentals #rap #rappers #singers #dancers #mcs #nyc #production @unitedmasters @MicDnero That  Steam Yo!üí®üí®,New York/L.A./ Global,Musical Producer/Beats/Publisher/Writer/credit: Island/4th&Bway/MTV/Television üëâüèΩMic.D'nero Producehttp://unitedmasters.com/micdneromusic,FALSE,1463,1139,44,2022-05-01T02:45:16Z,FALSE,21759,17,2,0,0
2022-05-01T02:45:03Z,#Atrain #Ctrain and #Etrain have part suspended Part Suspended #NYC https://t.co/jh4U3Ctg8s,FALSE,91,recent,NA,NA,FALSE,0,0,FALSE,#Atrain #Ctrain and #Etrain have part suspended Part Suspended #NYC https://t.co/jh4U3Ctg8s,"New York, NY, USA","Current #NYC #MTA #subway status, delays and closures. Visit https://t.co/EKcEGv271h for detailed statistics by line.",FALSE,10710,136,80,2022-05-01T02:45:03Z,TRUE,168940,4,0,1,0
2022-05-01T02:44:03Z,"TSA liquid rules
https://t.co/M8C4oLRp7s
#usa #nyc #tsa #realid #nftart #nft #cryptocurrency #arte #art #photo #relax #amazing #landscape  #photooftheday #photoshop #photography  #love #music https://t.co/GQbmvqqtSm",FALSE,215,recent,NA,NA,FALSE,0,5,FALSE,"TSA liquid rules
https://t.co/M8C4oLRp7s
#usa #nyc #tsa #realid #nftart #nft #cryptocurrency #arte #art #photo #relax #amazing #landscape  #photooftheday #photoshop #photography  #love #music https://t.co/GQbmvqqtSm",,"History of Tourism - Guides & Reviews of Travel, Places,  Tourism & Vacations",FALSE,302,210,7,2022-05-01T02:44:03Z,FALSE,19540,18,0,2,0
2022-05-01T02:43:06Z,"#NP For the Love of You by The Isley Brothers listen here, it's free! https://t.co/cmU7NoHbWC #Radio #NYC https://t.co/69yLMfNp3t",FALSE,105,recent,NA,NA,FALSE,0,0,FALSE,"#NP For the Love of You by The Isley Brothers listen here, it's free! https://t.co/cmU7NoHbWC #Radio #NYC https://t.co/69yLMfNp3t","Bushwick, Brooklyn",Real radio for real people (and bots if they wanna listen.) üéß Support #PublicRadio curated by humans not an algorithm. $bondfireradio,FALSE,2531,2471,98,2022-05-01T02:43:06Z,FALSE,362656,3,0,1,1
2022-05-01T02:42:36Z,"Bacon ü•ì 
Oysters ü¶™ 
Me ü§©üòãü•∞
.
.
.
#foodforthesoul‚ù§Ô∏è #benjaminsteakhouse #nyc #welovesteak #bringonthebeef @ Benjamin Steakhouse Prime https://t.co/UeJJvvhr6I",FALSE,156,recent,NA,NA,FALSE,0,0,FALSE,"Bacon ü•ì 
Oysters ü¶™ 
Me ü§©üòãü•∞
.
.
.
#foodforthesoul‚ù§Ô∏è #benjaminsteakhouse #nyc #welovesteak #bringonthebeef @ Benjamin Steakhouse Prime https://t.co/UeJJvvhr6I",NY/NJ ‚úà,Independent Artist üé∂ Music on all platforms üì≤ üíô Gay Libertarian American üá∫üá∏ LGBT üè≥Ô∏è‚Äçüåà Advocate & Free thinker... Knowledge is Power üëäüèΩ,FALSE,1958,897,74,2022-05-01T02:42:36Z,FALSE,41899,5,0,1,0
2022-05-01T02:42:14Z,#Listen to Having It All by shabba right now on https://t.co/cmU7NoHbWC #Radio #NYC,FALSE,83,recent,NA,NA,FALSE,0,0,FALSE,#Listen to Having It All by shabba right now on https://t.co/cmU7NoHbWC #Radio #NYC,"Bushwick, Brooklyn",Real radio for real people (and bots if they wanna listen.) üéß Support #PublicRadio curated by humans not an algorithm. $bondfireradio,FALSE,2531,2471,98,2022-05-01T02:42:14Z,FALSE,362656,3,0,1,0
2022-05-01T02:40:14Z,"#NP For the Love of You by The Isley Brothers listen here, it's free! https://t.co/cmU7NoHbWC #Radio #NYC https://t.co/LF8P5C6Xpp",FALSE,105,recent,NA,NA,FALSE,0,0,FALSE,"#NP For the Love of You by The Isley Brothers listen here, it's free! https://t.co/cmU7NoHbWC #Radio #NYC https://t.co/LF8P5C6Xpp","Bushwick, Brooklyn",Real radio for real people (and bots if they wanna listen.) üéß Support #PublicRadio curated by humans not an algorithm. $bondfireradio,FALSE,2531,2471,98,2022-05-01T02:40:14Z,FALSE,362656,3,0,1,1
2022-05-01T02:38:13Z,#NowPlaying Having It All by shabba listen live on https://t.co/cmU7NoHbWC #Radio #NYC,FALSE,86,recent,NA,NA,FALSE,0,0,FALSE,#NowPlaying Having It All by shabba listen live on https://t.co/cmU7NoHbWC #Radio #NYC,"Bushwick, Brooklyn",Real radio for real people (and bots if they wanna listen.) üéß Support #PublicRadio curated by humans not an algorithm. $bondfireradio,FALSE,2531,2471,98,2022-05-01T02:38:13Z,FALSE,362656,3,0,1,0
2022-05-01T02:36:39Z,"#NYCüóΩüá∫üá∏ #homelessness New York life &amp; the MTA:
Did a Homeless Couple Set Up a Tent on NYC Subway Train?! 
https://t.co/oZseKAIpsp",FALSE,133,recent,NA,NA,FALSE,0,0,FALSE,"#NYCüóΩüá∫üá∏ #homelessness New York life &amp; the MTA:
Did a Homeless Couple Set Up a Tent on NYC Subway Train?! 
https://t.co/oZseKAIpsp","New York, NY","Journalist, dramatist, poet, native New Yorker, TV-less, vegan, hat & cat-fancier, ghost whisperer. SFPA member. Elgin Award winner. Come up sometime ‚úçÔ∏è I ‚ù§Ô∏èüóΩ",FALSE,2035,692,99,2022-05-01T02:36:39Z,FALSE,63361,2,0,1,0
2022-05-01T02:36:09Z,#NewMusic üö® OUT NOW! #reels #instagramreels #trending #streaming #nowplaying  #micdneromusic All platforms! #viralmusic #beats #instrumentals #rap #rappers #singers #dancers #mcs #nyc #production @unitedmasters @MicDnero  All #Steam üí®! Goin #ANTHEM this #summer,FALSE,261,recent,NA,NA,FALSE,0,0,NA,#NewMusic üö® OUT NOW! #reels #instagramreels #trending #streaming #nowplaying  #micdneromusic All platforms! #viralmusic #beats #instrumentals #rap #rappers #singers #dancers #mcs #nyc #production @unitedmasters @MicDnero  All #Steam üí®! Goin #ANTHEM this #summer,New York/L.A./ Global,Musical Producer/Beats/Publisher/Writer/credit: Island/4th&Bway/MTV/Television üëâüèΩMic.D'nero Producehttp://unitedmasters.com/micdneromusic,FALSE,1463,1139,44,2022-05-01T02:36:09Z,FALSE,21759,20,2,0,0
2022-05-01T02:36:07Z,#NowPlaying EARTH A RUN RED by RICHIE SPICE listen live on https://t.co/cmU7NoHbWC #Radio #NYC https://t.co/xVotQIPnt7,FALSE,94,recent,NA,NA,FALSE,0,0,FALSE,#NowPlaying EARTH A RUN RED by RICHIE SPICE listen live on https://t.co/cmU7NoHbWC #Radio #NYC https://t.co/xVotQIPnt7,"Bushwick, Brooklyn",Real radio for real people (and bots if they wanna listen.) üéß Support #PublicRadio curated by humans not an algorithm. $bondfireradio,FALSE,2531,2471,98,2022-05-01T02:36:07Z,FALSE,362656,3,0,1,1
2022-05-01T02:35:11Z,#NowPlaying Right Thing To Do by SBTRKT Ft. Jessie Ware listen live on https://t.co/cmU7NoHbWC #Radio #NYC,FALSE,106,recent,NA,NA,FALSE,0,0,FALSE,#NowPlaying Right Thing To Do by SBTRKT Ft. Jessie Ware listen live on https://t.co/cmU7NoHbWC #Radio #NYC,"Bushwick, Brooklyn",Real radio for real people (and bots if they wanna listen.) üéß Support #PublicRadio curated by humans not an algorithm. $bondfireradio,FALSE,2531,2471,98,2022-05-01T02:35:11Z,FALSE,362656,3,0,1,0
2022-05-01T02:34:27Z,#NewMusic üö® OUT NOW! #reels #instagramreels #trending #streaming #nowplaying  #micdneromusic All platforms! #viralmusic #beats #instrumentals #rap #rappers #singers #dancers #mcs #nyc #production @unitedmasters @MicDnero @AppleMusic @amazonmusic @Spotify @iTunes @iHeartRadio üî•,FALSE,277,recent,NA,NA,FALSE,0,0,NA,#NewMusic üö® OUT NOW! #reels #instagramreels #trending #streaming #nowplaying  #micdneromusic All platforms! #viralmusic #beats #instrumentals #rap #rappers #singers #dancers #mcs #nyc #production @unitedmasters @MicDnero @AppleMusic @amazonmusic @Spotify @iTunes @iHeartRadio üî•,New York/L.A./ Global,Musical Producer/Beats/Publisher/Writer/credit: Island/4th&Bway/MTV/Television üëâüèΩMic.D'nero Producehttp://unitedmasters.com/micdneromusic,FALSE,1463,1139,44,2022-05-01T02:34:27Z,FALSE,21759,17,7,0,0
2022-05-01T02:33:07Z,#Listen to EARTH A RUN RED by RICHIE SPICE right now on https://t.co/cmU7NoHbWC #Radio #NYC https://t.co/GiMZhZj8bU,FALSE,91,recent,NA,NA,FALSE,0,0,FALSE,#Listen to EARTH A RUN RED by RICHIE SPICE right now on https://t.co/cmU7NoHbWC #Radio #NYC https://t.co/GiMZhZj8bU,"Bushwick, Brooklyn",Real radio for real people (and bots if they wanna listen.) üéß Support #PublicRadio curated by humans not an algorithm. $bondfireradio,FALSE,2531,2471,98,2022-05-01T02:33:07Z,FALSE,362656,3,0,1,1
2022-05-01T02:33:03Z,Download Heaven Today https://t.co/nzFurl5ZEv I AM Everlasting by Luiz Santos #classical #jazz #art #piano #instrumental #orchestra #Nyc #Ny https://t.co/kTQ03o6iI8,FALSE,140,recent,NA,NA,FALSE,0,1,FALSE,Download Heaven Today https://t.co/nzFurl5ZEv I AM Everlasting by Luiz Santos #classical #jazz #art #piano #instrumental #orchestra #Nyc #Ny https://t.co/kTQ03o6iI8,United States,"FOLLOW @LuizSantosMusic TW, YT , Insta & TikTok 

World Class Drummer & Percussionist, Composer, Producer, Piano, New York Brazilian Afro Drum/ The Arts",FALSE,20451,10014,607,2022-05-01T02:33:03Z,FALSE,137604,8,0,1,1
2022-05-01T02:32:39Z,"#CrimeNews #NYC üóΩüá∫üá∏ New Yorkers don't feel safe at home anymore.
Residents say they're overwhelmed with fear and anxiety, as the NYPD struggles to rein in crime
https://t.co/FyF50QybNz",FALSE,184,recent,NA,NA,FALSE,0,0,FALSE,"#CrimeNews #NYC üóΩüá∫üá∏ New Yorkers don't feel safe at home anymore.
Residents say they're overwhelmed with fear and anxiety, as the NYPD struggles to rein in crime
https://t.co/FyF50QybNz","New York, NY","Journalist, dramatist, poet, native New Yorker, TV-less, vegan, hat & cat-fancier, ghost whisperer. SFPA member. Elgin Award winner. Come up sometime ‚úçÔ∏è I ‚ù§Ô∏èüóΩ",FALSE,2035,692,99,2022-05-01T02:32:39Z,FALSE,63361,2,0,1,0
2022-05-01T02:32:14Z,"#NP Right Thing To Do by SBTRKT Ft. Jessie Ware listen here, it's free! https://t.co/cmU7NoHbWC #Radio #NYC",FALSE,107,recent,NA,NA,FALSE,0,0,FALSE,"#NP Right Thing To Do by SBTRKT Ft. Jessie Ware listen here, it's free! https://t.co/cmU7NoHbWC #Radio #NYC","Bushwick, Brooklyn",Real radio for real people (and bots if they wanna listen.) üéß Support #PublicRadio curated by humans not an algorithm. $bondfireradio,FALSE,2531,2471,98,2022-05-01T02:32:14Z,FALSE,362656,3,0,1,0
2022-05-01T02:31:57Z,"What teddy are you going to mint üî•üî•üî•? https://t.co/qmevY4pkg3 .15 mint! 

All mints prior to our #irl #event this Thursday in #NYC will receive exclusive merch üöÄ! #Merch will be 1/1 and customized to your teddy!

This is going to be amazing ‚ù§Ô∏èüíô‚ù§Ô∏è.

Remember üß∏s are access! https://t.co/biP1PuJufu",FALSE,272,recent,NA,NA,FALSE,1,1,FALSE,"What teddy are you going to mint üî•üî•üî•? https://t.co/qmevY4pkg3 .15 mint! 

All mints prior to our #irl #event this Thursday in #NYC will receive exclusive merch üöÄ! #Merch will be 1/1 and customized to your teddy!

This is going to be amazing ‚ù§Ô∏èüíô‚ù§Ô∏è.

Remember üß∏s are access! https://t.co/biP1PuJufu","New York, USA",Welcome to Meta Teddys üß∏! We are a IRL social club based project consisting of 222 Teddys. May 5th Is 1 Week away! .15 mint!,FALSE,397,134,0,2022-05-01T02:31:57Z,FALSE,896,4,0,1,1
2022-05-01T02:31:29Z,#NewMusic üö® OUT NOW! #reels #instagramreels #trending #streaming #nowplaying  #micdneromusic All platforms! #viralmusic #beats #instrumentals #rap #rappers #singers #dancers #mcs #nyc #production @unitedmasters @MicDnero  Steam Yo!üí®üí® Wow! üî•üî•üî•,FALSE,242,recent,NA,NA,FALSE,0,0,NA,#NewMusic üö® OUT NOW! #reels #instagramreels #trending #streaming #nowplaying  #micdneromusic All platforms! #viralmusic #beats #instrumentals #rap #rappers #singers #dancers #mcs #nyc #production @unitedmasters @MicDnero  Steam Yo!üí®üí® Wow! üî•üî•üî•,New York/L.A./ Global,Musical Producer/Beats/Publisher/Writer/credit: Island/4th&Bway/MTV/Television üëâüèΩMic.D'nero Producehttp://unitedmasters.com/micdneromusic,FALSE,1463,1139,44,2022-05-01T02:31:29Z,FALSE,21759,17,2,0,0
2022-05-01T02:30:57Z,Yo! My #NewMusic üö® OUT NOW! #reels #instagramreels #trending #streaming #nowplaying  #micdneromusic All platforms! #viralmusic #beats #instrumentals #rap #rappers #singers #dancers #mcs #nyc #production @unitedmasters @MicDnero  Steam Yo!üí®üí®,FALSE,240,recent,NA,NA,FALSE,0,0,NA,Yo! My #NewMusic üö® OUT NOW! #reels #instagramreels #trending #streaming #nowplaying  #micdneromusic All platforms! #viralmusic #beats #instrumentals #rap #rappers #singers #dancers #mcs #nyc #production @unitedmasters @MicDnero  Steam Yo!üí®üí®,New York/L.A./ Global,Musical Producer/Beats/Publisher/Writer/credit: Island/4th&Bway/MTV/Television üëâüèΩMic.D'nero Producehttp://unitedmasters.com/micdneromusic,FALSE,1463,1139,44,2022-05-01T02:30:57Z,FALSE,21759,17,2,0,0
2022-05-01T02:30:47Z,Earlier tonight in a different universe. #StarTrekStrangeNewWorlds @paleycenter #startrek #nyc https://t.co/djLulKQCQr,FALSE,94,recent,NA,NA,FALSE,0,1,FALSE,Earlier tonight in a different universe. #StarTrekStrangeNewWorlds @paleycenter #startrek #nyc https://t.co/djLulKQCQr,"New York, New York","Head of Communications @paleycenter for Media | Alum @partnership4nyc, @nycgov, @nycgo,+ US gov‚Äôt | Spox @johnkerry @algore @generalclark | New Yorker | Mom",FALSE,797,787,28,2022-05-01T02:30:47Z,FALSE,4061,3,1,0,1
2022-05-01T02:30:25Z,#NewMusic üö® OUT NOW! #reels #instagramreels #trending #streaming #nowplaying  #micdneromusic All platforms! #viralmusic #beats #instrumentals #rap #rappers #singers #dancers #mcs #nyc #production @unitedmasters @MicDnero  Steam Yo!üí®,FALSE,232,recent,NA,NA,FALSE,0,0,NA,#NewMusic üö® OUT NOW! #reels #instagramreels #trending #streaming #nowplaying  #micdneromusic All platforms! #viralmusic #beats #instrumentals #rap #rappers #singers #dancers #mcs #nyc #production @unitedmasters @MicDnero  Steam Yo!üí®,New York/L.A./ Global,Musical Producer/Beats/Publisher/Writer/credit: Island/4th&Bway/MTV/Television üëâüèΩMic.D'nero Producehttp://unitedmasters.com/micdneromusic,FALSE,1463,1139,44,2022-05-01T02:30:25Z,FALSE,21759,17,2,0,0
2022-05-01T02:29:08Z,One building 3 different looks #nyc #barcalysbank https://t.co/UZKkmpCksw,FALSE,49,recent,NA,NA,FALSE,0,0,FALSE,One building 3 different looks #nyc #barcalysbank https://t.co/UZKkmpCksw,"Castlewellan, Northern Ireland","Town Planner, geography lover and fairweather runner...views are my own",FALSE,505,524,5,2022-05-01T02:29:08Z,FALSE,1906,2,0,0,1
2022-05-01T02:28:51Z,I‚Äôm in New York City for the evening to cover the @TDBank_US Five Boro Bike Tour. See you at the start and finish tomorrow! #TDFBBT #NYC @TheRoxyHotelNYC @bikenewyork https://t.co/JKkWanZP7S,FALSE,166,recent,NA,NA,FALSE,0,4,FALSE,I‚Äôm in New York City for the evening to cover the @TDBank_US Five Boro Bike Tour. See you at the start and finish tomorrow! #TDFBBT #NYC @TheRoxyHotelNYC @bikenewyork https://t.co/JKkWanZP7S,NY‚û°Ô∏èNJ‚û°Ô∏èHI‚û°Ô∏èCO‚û°Ô∏èNJ,"Senior Manager of Visual Storytelling / Photojournalist - Previously NBC News, Recode, and Honolulu Civil Beat. Creator of @PhotosOfDisney",FALSE,32355,7745,1375,2022-05-01T02:28:51Z,TRUE,99469,2,3,0,1
2022-05-01T02:28:17Z,"And this is your fault, right, not theirs, who attack you. Thank you, Bill deBlasio. #NYC #NewYork #EricAdams‚Äô problem now. https://t.co/EQhJbfeWAI",FALSE,123,recent,NA,NA,TRUE,3,2,FALSE,"And this is your fault, right, not theirs, who attack you. Thank you, Bill deBlasio. #NYC #NewYork #EricAdams‚Äô problem now. https://t.co/EQhJbfeWAI",Itinerant,"#Conservative, #NRA Life Benefactor, #Patriot, Army MD, Sandbox #Veteran. Covering policy, 2A, politics & hypocrisy. Keep enemies close. IFBAP. ŒºŒøŒª·ΩºŒΩ ŒªŒ±Œ≤Œ≠. üíØ",FALSE,6819,6874,12,2022-05-01T02:28:17Z,FALSE,15518,3,0,1,0
2022-05-01T02:28:04Z,"@michaelmalice It's #GathamCity... That's how things are done in a fictional dystopian hellscape. You're from #NYC, this should be obvious.",FALSE,139,recent,michaelmalice,NA,FALSE,0,0,NA,"@michaelmalice It's #GathamCity... That's how things are done in a fictional dystopian hellscape. You're from #NYC, this should be obvious.","Denver, CO","Everything I hate can be found on Twitter.
‚ò¶Ô∏è",FALSE,3,60,0,2022-05-01T02:28:04Z,FALSE,104,2,1,0,0
2022-05-01T02:27:39Z,#NewMusic üö® OUT NOW! #reels #instagramreels #trending #streaming #nowplaying  #micdneromusic All platforms! #viralmusic #beats #instrumentals #rap #rappers #singers #dancers #mcs #nyc #production ‚Å¶@unitedmasters‚Å© ‚Å¶@MicDnero‚Å©  Steam Yo!üí®üí® https://t.co/kdzvgUhRiq,FALSE,261,recent,NA,NA,FALSE,0,1,FALSE,#NewMusic üö® OUT NOW! #reels #instagramreels #trending #streaming #nowplaying  #micdneromusic All platforms! #viralmusic #beats #instrumentals #rap #rappers #singers #dancers #mcs #nyc #production ‚Å¶@unitedmasters‚Å© ‚Å¶@MicDnero‚Å©  Steam Yo!üí®üí® https://t.co/kdzvgUhRiq,New York/L.A./ Global,Musical Producer/Beats/Publisher/Writer/credit: Island/4th&Bway/MTV/Television üëâüèΩMic.D'nero Producehttp://unitedmasters.com/micdneromusic,FALSE,1463,1139,44,2022-05-01T02:27:39Z,FALSE,21759,17,2,1,0
2022-05-01T02:27:38Z,"Polaroids Stills My Latest Footage üé•üì∏üîûüî• #cruxfilms #polaroids #instax #nyc #sluts 

‚≠êÔ∏ègrayceebaybee 

üì°https://t.co/6o6uA8cBIO https://t.co/tZggkpXYSR",FALSE,126,recent,NA,NA,FALSE,0,2,TRUE,"Polaroids Stills My Latest Footage üé•üì∏üîûüî• #cruxfilms #polaroids #instax #nyc #sluts 

‚≠êÔ∏ègrayceebaybee 

üì°https://t.co/6o6uA8cBIO https://t.co/tZggkpXYSR",New York City,üé• Independent XXX Creator/Photographerüîû https://t.co/LLJ6Yx5azu https://t.co/CNb43S73lF NSFWüîû+Only Minors Will be Blocked,FALSE,23060,858,105,2022-05-01T02:27:38Z,FALSE,9790,5,0,1,1
2022-05-01T02:27:09Z,#Listen to Ignite and Blaze by Lutan Fyah right now on https://t.co/cmU7NoHbWC #Radio #NYC https://t.co/SdU5cdllXX,FALSE,90,recent,NA,NA,FALSE,0,0,FALSE,#Listen to Ignite and Blaze by Lutan Fyah right now on https://t.co/cmU7NoHbWC #Radio #NYC https://t.co/SdU5cdllXX,"Bushwick, Brooklyn",Real radio for real people (and bots if they wanna listen.) üéß Support #PublicRadio curated by humans not an algorithm. $bondfireradio,FALSE,2531,2471,98,2022-05-01T02:27:09Z,FALSE,362656,3,0,1,1
2022-05-01T02:26:14Z,#NowPlaying Murderer by Barrington Levy listen live on https://t.co/cmU7NoHbWC #Radio #NYC https://t.co/phwJMz6Y7U,FALSE,90,recent,NA,NA,FALSE,0,0,FALSE,#NowPlaying Murderer by Barrington Levy listen live on https://t.co/cmU7NoHbWC #Radio #NYC https://t.co/phwJMz6Y7U,"Bushwick, Brooklyn",Real radio for real people (and bots if they wanna listen.) üéß Support #PublicRadio curated by humans not an algorithm. $bondfireradio,FALSE,2531,2471,98,2022-05-01T02:26:14Z,FALSE,362656,3,0,1,1
2022-05-01T02:26:04Z,"Happy #IndependentBookstoreDay to all the great stores that have carried @actor_book for past three years!  Especially Big Thanks to the @dramabookshop  here in #NYC for their incredible, kind support! #acting #audition #acting https://t.co/NtOoWcJMrE",FALSE,227,recent,NA,NA,FALSE,0,1,FALSE,"Happy #IndependentBookstoreDay to all the great stores that have carried @actor_book for past three years!  Especially Big Thanks to the @dramabookshop  here in #NYC for their incredible, kind support! #acting #audition #acting https://t.co/NtOoWcJMrE",New York & Los Angeles,"Been on lotsa TV shows.  Wrote a hit movie & a book.  
Played ""Lincoln Meyer"" on BOSTON LEGAL.
I post my photography & Funny stuff.
All my opinions are correct.",FALSE,2669,1423,87,2022-05-01T02:26:04Z,FALSE,20728,5,2,0,1
2022-05-01T02:25:39Z,"Stop Kidnapping Ukrainians | Times Square
‚Å†
#StandWithUkraine #stopputinNOW #TogetherWeAreUkraine #protest #streetphotography #bw #monochrome #—É–∫—Ä–∞–∏–Ω–∞ #–≤–æ–π–Ω–∞ #–≤–æ–µ–Ω–Ω–∞—è—Å–ø–µ—Ü–æ–ø–µ—Ä–∞—Ü–∏—è #—Å–∞–Ω–∫—Ü–∏–∏ #ukraine #nyc #saveukrainianchildren #planesforukraine #closethesky #—Å–ª–∞–≤–∞—É–∫—Ä–∞—ó–Ω—ñ https://t.co/gvkMqWupiO",FALSE,269,recent,NA,NA,FALSE,0,0,FALSE,"Stop Kidnapping Ukrainians | Times Square
‚Å†
#StandWithUkraine #stopputinNOW #TogetherWeAreUkraine #protest #streetphotography #bw #monochrome #—É–∫—Ä–∞–∏–Ω–∞ #–≤–æ–π–Ω–∞ #–≤–æ–µ–Ω–Ω–∞—è—Å–ø–µ—Ü–æ–ø–µ—Ä–∞—Ü–∏—è #—Å–∞–Ω–∫—Ü–∏–∏ #ukraine #nyc #saveukrainianchildren #planesforukraine #closethesky #—Å–ª–∞–≤–∞—É–∫—Ä–∞—ó–Ω—ñ https://t.co/gvkMqWupiO","Brooklyn, NY","I'm a NYC-based photographer on nights and weekends, a professional geek (@neilcar) during business hours.",FALSE,70,37,0,2022-05-01T02:25:39Z,FALSE,1376,17,0,0,1
2022-05-01T02:25:09Z,"#NP Ignite and Blaze by Lutan Fyah listen here, it's free! https://t.co/cmU7NoHbWC #Radio #NYC https://t.co/vN2YHQhX9O",FALSE,94,recent,NA,NA,FALSE,0,0,FALSE,"#NP Ignite and Blaze by Lutan Fyah listen here, it's free! https://t.co/cmU7NoHbWC #Radio #NYC https://t.co/vN2YHQhX9O","Bushwick, Brooklyn",Real radio for real people (and bots if they wanna listen.) üéß Support #PublicRadio curated by humans not an algorithm. $bondfireradio,FALSE,2531,2471,98,2022-05-01T02:25:09Z,FALSE,362656,3,0,1,1
2022-05-01T02:24:16Z,"#NP Right Here by Presto listen here, it's free! https://t.co/cmU7NoHbWC #Radio #NYC",FALSE,84,recent,NA,NA,FALSE,0,0,FALSE,"#NP Right Here by Presto listen here, it's free! https://t.co/cmU7NoHbWC #Radio #NYC","Bushwick, Brooklyn",Real radio for real people (and bots if they wanna listen.) üéß Support #PublicRadio curated by humans not an algorithm. $bondfireradio,FALSE,2531,2471,98,2022-05-01T02:24:16Z,FALSE,362656,3,0,1,0
2022-05-01T02:24:01Z,#Queens #nyc #Findom #nycmeetups #nycsubway come party with us in queens https://t.co/VGLZNEbSfq,FALSE,72,recent,NA,NA,FALSE,0,3,FALSE,#Queens #nyc #Findom #nycmeetups #nycsubway come party with us in queens https://t.co/VGLZNEbSfq,,,FALSE,8,97,4,2022-05-01T02:24:01Z,FALSE,631,5,0,0,1
2022-05-01T02:23:20Z,"On a recent trip to NYC, I ate a slice of strawberry cheesecake in 30 seconds. üçì #breakingworldrecords #NYC @ Peacefood Cafe https://t.co/MS1gB1V5eq",FALSE,148,recent,NA,NA,FALSE,0,0,FALSE,"On a recent trip to NYC, I ate a slice of strawberry cheesecake in 30 seconds. üçì #breakingworldrecords #NYC @ Peacefood Cafe https://t.co/MS1gB1V5eq","Los Angeles, CA","Latina. Actress. Nicaraguan descent. From Miami, now living the dream in LA! gratitude every day :) @keniarosemary on Instagram too!",FALSE,82,345,4,2022-05-01T02:23:20Z,FALSE,928,2,0,1,0
2022-05-01T02:23:17Z,"@DeanMeminger @NY1 @NYCMayor They are all appointed, all seeking promotion, the truth no longer lives in #nyc. Speak to the men &amp; woman on the ground. Morale has never been so low. There is a mass purge of the #nypd by way of illegal mandates &amp; no one is talking about it. History will not be kind.",FALSE,306,recent,DeanMeminger,NA,FALSE,0,0,NA,"@DeanMeminger @NY1 @NYCMayor They are all appointed, all seeking promotion, the truth no longer lives in #nyc. Speak to the men &amp; woman on the ground. Morale has never been so low. There is a mass purge of the #nypd by way of illegal mandates &amp; no one is talking about it. History will not be kind.","NYC to Ponte Vedra, FL ",Host of New York‚Äôs Finest: Retired & Unfiltered Podcast. Retired NYPD Lieutenant. Small Business Owner ‚ÄúI take some getting used to‚Äù,FALSE,821,2285,1,2022-05-01T02:23:17Z,FALSE,4129,2,3,0,0
2022-05-01T02:22:09Z,"#NP Murderer by Barrington Levy listen here, it's free! https://t.co/cmU7NoHbWC #Radio #NYC https://t.co/fgxEtToi2R",FALSE,91,recent,NA,NA,FALSE,0,0,FALSE,"#NP Murderer by Barrington Levy listen here, it's free! https://t.co/cmU7NoHbWC #Radio #NYC https://t.co/fgxEtToi2R","Bushwick, Brooklyn",Real radio for real people (and bots if they wanna listen.) üéß Support #PublicRadio curated by humans not an algorithm. $bondfireradio,FALSE,2531,2471,98,2022-05-01T02:22:09Z,FALSE,362656,3,0,1,1
2022-05-01T02:20:33Z,Sooooo who got they Chris brown tickets already #NYC ?? #TeamBreezy,FALSE,67,recent,NA,NA,FALSE,0,0,NA,Sooooo who got they Chris brown tickets already #NYC ?? #TeamBreezy,"Brooklyn,NY","Jan.26.2018 TwinMother'üë∂üë∂ IG -Twinsmamacita , üëªTwinMamaCita, RIP WIGGY üôèüèΩüôåüèæ #ForeverWiggy",FALSE,220,152,3,2022-05-01T02:20:33Z,FALSE,4282,2,0,0,0
2022-05-01T02:20:20Z,@Michael20224 There‚Äôs this thing called a gas pedal maybe they should start using it #nyc #iheartny #DemocratsAreDestroyingAmerica,FALSE,130,recent,Michael20224,NA,FALSE,0,0,NA,@Michael20224 There‚Äôs this thing called a gas pedal maybe they should start using it #nyc #iheartny #DemocratsAreDestroyingAmerica,"Central , Louisiana ","#Trump2020, for every action there is a reaction. Life is a gift. cats & dogs are awesome & so is the USA üá∫üá∏ Keep life simple, happily married",FALSE,717,1170,0,2022-05-01T02:20:20Z,FALSE,6589,3,1,0,0
2022-05-01T02:19:13Z,#Listen to Right Here by Presto right now on https://t.co/cmU7NoHbWC #Radio #NYC,FALSE,80,recent,NA,NA,FALSE,0,0,FALSE,#Listen to Right Here by Presto right now on https://t.co/cmU7NoHbWC #Radio #NYC,"Bushwick, Brooklyn",Real radio for real people (and bots if they wanna listen.) üéß Support #PublicRadio curated by humans not an algorithm. $bondfireradio,FALSE,2531,2471,98,2022-05-01T02:19:13Z,FALSE,362656,3,0,1,0
2022-05-01T02:17:58Z,"#nyc #tekashi69 praying for another rico situation #viral
https://t.co/OVqKNTpwYa",FALSE,81,recent,NA,NA,FALSE,0,0,FALSE,"#nyc #tekashi69 praying for another rico situation #viral
https://t.co/OVqKNTpwYa","Atlanta, GA","New Youtube Channel for Grinders, Hustlers, Entrepreneurs, Music, and the Overall BullDozer Mindset",FALSE,8,59,0,2022-05-01T02:17:58Z,FALSE,314,3,0,1,0
2022-05-01T02:17:00Z,"LGBTQ Picnic at NYC Central Park üî•

https://t.co/yfWCuxpZvL

#lgbtq #weBelong #NYC #NYClgbtq",FALSE,92,recent,NA,NA,FALSE,0,0,FALSE,"LGBTQ Picnic at NYC Central Park üî•

https://t.co/yfWCuxpZvL

#lgbtq #weBelong #NYC #NYClgbtq","San Francisco, USA",#LGBTQüåà #adhd #BLM #mentalhealth -We Provide Community App for Misfitsüôå Click the below link and download our app for free!üòÜ üè≥Ô∏è‚Äçüåà,FALSE,2570,1992,8,2022-05-01T02:17:00Z,FALSE,1025,4,0,1,0
2022-05-01T02:16:16Z,"GONE BY MORNING reader photos for #caturday! My dog Hazel was raised by #cats, so you try telling her she can‚Äôt participate. 

Read ‚ÄúGONE BY MORNING‚Äù: https://t.co/fr80HYFjJf

‚ÄúMary Higgins Clark w/ teeth‚Äù ‚Äî Kirkus Reviews

 #dogsoftwitter #catsoftwitter #nyc #mystery #suspense https://t.co/8FabCSMdRT",FALSE,278,recent,NA,NA,FALSE,0,1,FALSE,"GONE BY MORNING reader photos for #caturday! My dog Hazel was raised by #cats, so you try telling her she can‚Äôt participate. 

Read ‚ÄúGONE BY MORNING‚Äù: https://t.co/fr80HYFjJf

‚ÄúMary Higgins Clark w/ teeth‚Äù ‚Äî Kirkus Reviews

 #dogsoftwitter #catsoftwitter #nyc #mystery #suspense https://t.co/8FabCSMdRT",NYC,Author: ‚ÄúGONE BY MORNING‚Äù (@CrookedLaneBks);‚ÄúWIDOWS-IN-LAW‚Äù (Blackstone); ‚ÄúTHE 13th STEP: ZOMBIE RECOVERY.‚Äù Repped Writers House. ExChief NYC Ethics Prosecutor.,FALSE,11113,7769,132,2022-05-01T02:16:16Z,FALSE,42859,7,0,1,1
2022-05-01T02:15:36Z,"Let's go @KatieTaylor for history.
A nation in your corner üáÆüá™üáÆüá™üáÆüá™üáÆüá™
#COYBIG #Ireland #NYC
#TaylorSerrano",FALSE,104,recent,NA,NA,FALSE,1,15,NA,"Let's go @KatieTaylor for history.
A nation in your corner üáÆüá™üáÆüá™üáÆüá™üáÆüá™
#COYBIG #Ireland #NYC
#TaylorSerrano",Limerick Ireland,"üá∫üá¶Presenter/Writer @UnitedStandMUFC #TesticularFortitude¬© DM for PT enquiries.

X4 üáÆüá™Masters Men's Physique 2x üá™üá∫Classic Physique Champion. #dallascowboys",FALSE,13515,423,35,2022-05-01T02:15:36Z,FALSE,13431,4,1,0,0
2022-05-01T02:15:13Z,#NowPlaying THIS WORLD by bush man listen live on https://t.co/cmU7NoHbWC #Radio #NYC,FALSE,85,recent,NA,NA,FALSE,0,0,FALSE,#NowPlaying THIS WORLD by bush man listen live on https://t.co/cmU7NoHbWC #Radio #NYC,"Bushwick, Brooklyn",Real radio for real people (and bots if they wanna listen.) üéß Support #PublicRadio curated by humans not an algorithm. $bondfireradio,FALSE,2531,2471,98,2022-05-01T02:15:13Z,FALSE,362656,3,0,1,0
2022-05-01T02:15:02Z,#1train #2train and #3train are running express to local Express to Local #NYC https://t.co/jh4U3Ctg8s,FALSE,102,recent,NA,NA,FALSE,0,0,FALSE,#1train #2train and #3train are running express to local Express to Local #NYC https://t.co/jh4U3Ctg8s,"New York, NY, USA","Current #NYC #MTA #subway status, delays and closures. Visit https://t.co/EKcEGv271h for detailed statistics by line.",FALSE,10710,136,80,2022-05-01T02:15:02Z,TRUE,168940,4,0,1,0
2022-05-01T02:14:09Z,It‚Äôs truly insane how the police just drive by allowing these druggies that now flood the street to  free dance in on coming traffic . 145th and Amsterdam is a cesspool and the police do nothing about it . #NYC #Nycpolice,FALSE,221,recent,NA,NA,FALSE,0,0,NA,It‚Äôs truly insane how the police just drive by allowing these druggies that now flood the street to  free dance in on coming traffic . 145th and Amsterdam is a cesspool and the police do nothing about it . #NYC #Nycpolice,"Manhattan, NY","I like politics , rational people and üç∏.",FALSE,0,4,0,2022-05-01T02:14:09Z,FALSE,40,2,0,0,0
2022-05-01T02:13:11Z,"#NP Rock Creek Park (Remix) by The Blackbyrds listen here, it's free! https://t.co/cmU7NoHbWC #Radio #NYC",FALSE,105,recent,NA,NA,FALSE,0,0,FALSE,"#NP Rock Creek Park (Remix) by The Blackbyrds listen here, it's free! https://t.co/cmU7NoHbWC #Radio #NYC","Bushwick, Brooklyn",Real radio for real people (and bots if they wanna listen.) üéß Support #PublicRadio curated by humans not an algorithm. $bondfireradio,FALSE,2531,2471,98,2022-05-01T02:13:11Z,FALSE,362656,3,0,1,0
2022-05-01T02:12:45Z,"#Twitter #music #uk #LosAngeles #entertainment #london #hollywood #TWITTERMUSIC #glasgow  #meauxhausint #nyc #rollingstone #harpersbazaar #vogueaustrailia #voguerunway #thr #MISSKITTIN #Newspapers #DALLAS

MHI PROMO FOR
"" MISS KITTIN"" (DJ/PRODUCER/VOCALIST) https://t.co/RfqViH0Ecn",FALSE,257,recent,NA,NA,FALSE,0,0,FALSE,"#Twitter #music #uk #LosAngeles #entertainment #london #hollywood #TWITTERMUSIC #glasgow  #meauxhausint #nyc #rollingstone #harpersbazaar #vogueaustrailia #voguerunway #thr #MISSKITTIN #Newspapers #DALLAS

MHI PROMO FOR
"" MISS KITTIN"" (DJ/PRODUCER/VOCALIST) https://t.co/RfqViH0Ecn","Los Angeles, CA/Hollywood ",A 21st century PR Agency.. media magic is our specialty..,FALSE,6,215,0,2022-05-01T02:12:45Z,FALSE,540,19,0,0,1
2022-05-01T02:12:29Z,The Ministry of Truth approves this message. Dissenters will be removed from society. You will not be allowed to buy or sell. You will be removed from employment. #NYC is leading the way forward. Compliance above everything. https://t.co/WssQPcYVZ9 https://t.co/VWKpICDPzH,FALSE,248,recent,NA,NA,TRUE,0,3,TRUE,The Ministry of Truth approves this message. Dissenters will be removed from society. You will not be allowed to buy or sell. You will be removed from employment. #NYC is leading the way forward. Compliance above everything. https://t.co/WssQPcYVZ9 https://t.co/VWKpICDPzH,"NYC to Ponte Vedra, FL ",Host of New York‚Äôs Finest: Retired & Unfiltered Podcast. Retired NYPD Lieutenant. Small Business Owner ‚ÄúI take some getting used to‚Äù,FALSE,821,2285,1,2022-05-01T02:12:29Z,FALSE,4129,1,0,1,1
2022-05-01T02:12:07Z,"#BRINGKELLZHOMEüè°‚úäüèæ 
Robert Kelly, INNOCENT.

#RKelly #FreeRKelly #RKellyAPPEAL
#RKellyWillReturn #FreeRobertKelly
#RKellyInNewYork #RKellyWriteMeBack
#NP #DJ #Stream #Music #YouTube #SonyMusic
#Chicago #NewYork #NYC #JenniferBonjean 

üéß‚ñ∂Ô∏èR.KELLYü§é@RKelly
https://t.co/1pweiN2NVx",FALSE,277,recent,MISSCOOKIE1223,NA,FALSE,0,1,FALSE,"#BRINGKELLZHOMEüè°‚úäüèæ 
Robert Kelly, INNOCENT.

#RKelly #FreeRKelly #RKellyAPPEAL
#RKellyWillReturn #FreeRobertKelly
#RKellyInNewYork #RKellyWriteMeBack
#NP #DJ #Stream #Music #YouTube #SonyMusic
#Chicago #NewYork #NYC #JenniferBonjean 

üéß‚ñ∂Ô∏èR.KELLYü§é@RKelly
https://t.co/1pweiN2NVx","BALTIMORE, MD",HIüëãüèæ MISS.COOKIE HERE; MOM 53 MUSIC LOVER: I ADORE #MICHAELJACKSON üíûMJSUPERFAN/4LIFE #LLTKINGMJJ üëë‚ù£Ô∏èPROTECTIVE OF MJs MEMORY LEGACY#RealMJFan I'm NotOnInsta,FALSE,1402,4816,75,2022-05-01T02:12:07Z,FALSE,78637,18,1,1,0
2022-05-01T02:11:11Z,#NowPlaying warrior king - experience teaches wisdom - dz warrior king listen live on https://t.co/cmU7NoHbWC #Radio #NYC,FALSE,121,recent,NA,NA,FALSE,0,0,FALSE,#NowPlaying warrior king - experience teaches wisdom - dz warrior king listen live on https://t.co/cmU7NoHbWC #Radio #NYC,"Bushwick, Brooklyn",Real radio for real people (and bots if they wanna listen.) üéß Support #PublicRadio curated by humans not an algorithm. $bondfireradio,FALSE,2531,2471,98,2022-05-01T02:11:11Z,FALSE,362656,3,0,1,0
2022-05-01T02:09:52Z,https://t.co/BsULt7pD2g New York Giants Eli Manning Decal 11x17 Multi Use - Special Order #NewYorkGiants #NYC #NewYork #Giants https://t.co/HOv07mIfD0,FALSE,126,recent,NA,NA,FALSE,0,0,FALSE,https://t.co/BsULt7pD2g New York Giants Eli Manning Decal 11x17 Multi Use - Special Order #NewYorkGiants #NYC #NewYork #Giants https://t.co/HOv07mIfD0,"New York, NY",#NewYorkCity @SportsFanMerch. #Giants #Jets #Yankees #Mets #Rangers #Islanders #Devils #Knicks #Nets. Subscribe: https://t.co/Xh1CfGRWX0,FALSE,166,11,3,2022-05-01T02:09:52Z,FALSE,2217,4,0,1,1
2022-05-01T02:09:27Z,"@JulieDeLaurier @elonmusk @TheTweetOfGod @mutalenkonde Ditto. You're doing such important work @FoxNews on Tuesdays at Noon'o'clock. Oh, that I lived in #NYC .
#FoxLiesPeopleDie",FALSE,177,recent,JulieDeLaurier,NA,FALSE,0,1,NA,"@JulieDeLaurier @elonmusk @TheTweetOfGod @mutalenkonde Ditto. You're doing such important work @FoxNews on Tuesdays at Noon'o'clock. Oh, that I lived in #NYC .
#FoxLiesPeopleDie",Finger Lakes,"U.S. Army/Air Force/White House Veteran | Environmental Justice  | Board Chair, HouseWithHeart, a home for abandoned children in Nepal | she/her üè≥Ô∏è‚Äçüåà",FALSE,2631,1800,36,2022-05-01T02:09:27Z,FALSE,8161,2,5,0,0
2022-05-01T02:09:02Z,"""I'll still KO Anthony Fowler!"" Ammo #Williams blasts through first title fight - https://t.co/9Mv9ESfwJc - #Austin #Continental #NYC #WBA",FALSE,138,recent,NA,NA,FALSE,0,0,FALSE,"""I'll still KO Anthony Fowler!"" Ammo #Williams blasts through first title fight - https://t.co/9Mv9ESfwJc - #Austin #Continental #NYC #WBA",,Latest news and opinion from The Global Herald online newspaper.,FALSE,346,7,17,2022-05-01T02:09:02Z,FALSE,121689,5,0,1,0
2022-05-01T02:08:00Z,"Cathedral &amp; Baroque Organ Improvisation (Variation #1)
#MusicVideos #VIDEOS #music #OrganMusic #Psychedelicart  #PsychedelicMusic #ModernClassicalMusic #SynthMusic #CathedralMusic #ArtVideo #ExperimentalMusicVideo #Saturday #trippy #NYC #Brooklyn #Queens #Bronx #StatenIsland #USA https://t.co/cEZZqIMDgX",FALSE,284,recent,NA,NA,FALSE,0,1,FALSE,"Cathedral &amp; Baroque Organ Improvisation (Variation #1)
#MusicVideos #VIDEOS #music #OrganMusic #Psychedelicart  #PsychedelicMusic #ModernClassicalMusic #SynthMusic #CathedralMusic #ArtVideo #ExperimentalMusicVideo #Saturday #trippy #NYC #Brooklyn #Queens #Bronx #StatenIsland #USA https://t.co/cEZZqIMDgX",New York City ,"There's a fire that burns away the lies. 
Manifesting in the spiritual eye. ~George Harrison",FALSE,1027,875,1,2022-05-01T02:08:00Z,FALSE,22384,19,0,0,1
2022-05-01T02:06:12Z,"Why do @Uber &amp; @Lyft cost more than double a #NYC #taxi to get to #Manhattan from #JFK??
The cars aren't better or more comfortable.
To get the nice vehicles, add another $30++!!",FALSE,182,recent,NA,NA,FALSE,0,0,NA,"Why do @Uber &amp; @Lyft cost more than double a #NYC #taxi to get to #Manhattan from #JFK??
The cars aren't better or more comfortable.
To get the nice vehicles, add another $30++!!",,"NYC-loving, globetrotting truth seeker, bond babe, former rugger & news junkie who demands fairness, facts & equality. Must reads aren't necessarily my opinions",FALSE,1812,440,693,2022-05-01T02:06:12Z,FALSE,139573,4,2,0,0
2022-05-01T02:06:11Z,#Listen to Rock Creek Park (Remix) by The Blackbyrds right now on https://t.co/cmU7NoHbWC #Radio #NYC,FALSE,101,recent,NA,NA,FALSE,0,0,FALSE,#Listen to Rock Creek Park (Remix) by The Blackbyrds right now on https://t.co/cmU7NoHbWC #Radio #NYC,"Bushwick, Brooklyn",Real radio for real people (and bots if they wanna listen.) üéß Support #PublicRadio curated by humans not an algorithm. $bondfireradio,FALSE,2531,2471,98,2022-05-01T02:06:11Z,FALSE,362656,3,0,1,0
2022-05-01T02:04:54Z,"Its crazy I spend money like I'm rich, yet my bank accounts look poor üò≠ #nyc #struggle #rich #poor",FALSE,98,recent,NA,NA,FALSE,0,0,NA,"Its crazy I spend money like I'm rich, yet my bank accounts look poor üò≠ #nyc #struggle #rich #poor",,Transitioning from fitting in to standing out.,FALSE,6,51,0,2022-05-01T02:04:54Z,FALSE,444,4,0,0,0
2022-05-01T02:04:35Z,"#NYC #Mandox team incoming and we ain't leaving üî•üî•üî•üî•

https://t.co/lhHYUqRlEo https://t.co/xAborxodWN",FALSE,77,recent,NA,NA,FALSE,0,0,FALSE,"#NYC #Mandox team incoming and we ain't leaving üî•üî•üî•üî•

https://t.co/lhHYUqRlEo https://t.co/xAborxodWN",,"Infrastructure Engineer |
Cisco Routing/Switching Wireless & Security
| Microsoft MCSA
| CompTIA A+ Network & Security
| SCCM",FALSE,967,1990,3,2022-05-01T02:04:35Z,FALSE,4275,2,0,1,1
2022-05-01T02:04:04Z,"The third little pig's house was made of this ________.
It's important what we decide to build our ""inner"" house out of...
#Queens #NewYorkCity #NYC #streetphotography #urbanphotography #architecture https://t.co/L74ycp9F8Q",FALSE,199,recent,NA,NA,FALSE,2,5,FALSE,"The third little pig's house was made of this ________.
It's important what we decide to build our ""inner"" house out of...
#Queens #NewYorkCity #NYC #streetphotography #urbanphotography #architecture https://t.co/L74ycp9F8Q","New York, NY","Happy camper, combat veteran & Sci-fi fan. Archeology, architecture, art, comics, crypto, history, nature, photography, psychology & travel! Kindness matters!",FALSE,2101,3281,10,2022-05-01T02:04:04Z,FALSE,13629,6,0,0,1
2022-05-01T02:03:49Z,Secret warehouse party tonight. #NYCüòÆ‚Äçüí®ü•∑üèæ,FALSE,41,recent,NA,NA,FALSE,0,0,NA,Secret warehouse party tonight. #NYCüòÆ‚Äçüí®ü•∑üèæ,Greater boston,He/Him 18+ NSFW. OF Loading. . . Here to meet your political mom and slut her out. üòÆ‚Äçüí®ü•∑üèæ DMs are for buyers and business only.,FALSE,58,56,0,2022-05-01T02:03:49Z,FALSE,318,1,0,0,0
2022-05-01T02:03:28Z,#Vikings #trade a troubling echo of uninspiring franchise #draft #history - https://t.co/K1UhfsbQnx - #Minnesota #Viking #football #Vikes #NFL #NFC #ESPN #HBO #sport #sports #Twitter #Minneapolis #Lakers #Twins #coach #CNN #FoxNews #mayoclinic #MLB #Twitter #NCAA #media #NYC,FALSE,275,recent,NA,NA,FALSE,0,0,FALSE,#Vikings #trade a troubling echo of uninspiring franchise #draft #history - https://t.co/K1UhfsbQnx - #Minnesota #Viking #football #Vikes #NFL #NFC #ESPN #HBO #sport #sports #Twitter #Minneapolis #Lakers #Twins #coach #CNN #FoxNews #mayoclinic #MLB #Twitter #NCAA #media #NYC,,"I was adopted on September 3, 2005...I was in a shelter in South Carolina when Catrina saw my new dad's ad on https://t.co/mUTDxsDLie; a rescue group drove me north!",FALSE,537,499,161,2022-05-01T02:03:28Z,FALSE,31940,27,0,1,0
2022-05-01T02:02:29Z,"Im going live.. Tune in!
#housemusic #livedj #mixcloudlive #brooklyndj #quarantinebeats #nyc #neverforget #wewillgetthroughthis",FALSE,127,recent,NA,NA,FALSE,0,0,NA,"Im going live.. Tune in!
#housemusic #livedj #mixcloudlive #brooklyndj #quarantinebeats #nyc #neverforget #wewillgetthroughthis","Brooklyn, NYC",For bookings email djvigostar@gmail.com,FALSE,151,492,20,2022-05-01T02:02:29Z,FALSE,1180,8,0,0,0
2022-05-01T02:02:06Z,#Listen to FRIEND ENEMY by JR REID right now on https://t.co/cmU7NoHbWC #Radio #NYC https://t.co/qIGtYY5Zgy,FALSE,83,recent,NA,NA,FALSE,0,0,FALSE,#Listen to FRIEND ENEMY by JR REID right now on https://t.co/cmU7NoHbWC #Radio #NYC https://t.co/qIGtYY5Zgy,"Bushwick, Brooklyn",Real radio for real people (and bots if they wanna listen.) üéß Support #PublicRadio curated by humans not an algorithm. $bondfireradio,FALSE,2531,2471,98,2022-05-01T02:02:06Z,FALSE,362656,3,0,1,1
2022-05-01T02:01:01Z,Support Creative Music &amp; Download Today! https://t.co/YaYvvPFK94 By Luiz Santos #jazz #drums #drummer #piano #art #INSTRUMENTAL #NYC #composer https://t.co/caxWiFH0uH,FALSE,146,recent,NA,NA,FALSE,0,3,FALSE,Support Creative Music &amp; Download Today! https://t.co/YaYvvPFK94 By Luiz Santos #jazz #drums #drummer #piano #art #INSTRUMENTAL #NYC #composer https://t.co/caxWiFH0uH,United States,"FOLLOW @LuizSantosMusic TW, YT , Insta & TikTok 

World Class Drummer & Percussionist, Composer, Producer, Piano, New York Brazilian Afro Drum/ The Arts",FALSE,20451,10014,607,2022-05-01T02:01:01Z,FALSE,137604,8,0,1,1
2022-05-01T02:00:20Z,#NowPlaying Baltimore by The Tamlins listen live on https://t.co/cmU7NoHbWC #Radio #NYC https://t.co/0hMhQaWUb4,FALSE,87,recent,NA,NA,FALSE,0,0,FALSE,#NowPlaying Baltimore by The Tamlins listen live on https://t.co/cmU7NoHbWC #Radio #NYC https://t.co/0hMhQaWUb4,"Bushwick, Brooklyn",Real radio for real people (and bots if they wanna listen.) üéß Support #PublicRadio curated by humans not an algorithm. $bondfireradio,FALSE,2531,2471,98,2022-05-01T02:00:20Z,FALSE,362656,3,0,1,1
2022-05-01T02:00:05Z,#NYC #Psychotherapy Blog: Overcoming #Trauma With #EMDR #Therapy: When the Past Affects You in the Present https://t.co/3zDE6pMok0 #TherapistsConnect https://t.co/n9lgGHB7DR,FALSE,149,recent,NA,NA,FALSE,0,0,FALSE,#NYC #Psychotherapy Blog: Overcoming #Trauma With #EMDR #Therapy: When the Past Affects You in the Present https://t.co/3zDE6pMok0 #TherapistsConnect https://t.co/n9lgGHB7DR,NYC,"NYC Psychotherapist, Hypnotherapist, EMDR, AEDP, EFT, Somatic Experiencing: Individual Adults and Couples. Online Therapy. I am a sex-positive therapist.",FALSE,1398,983,219,2022-05-01T02:00:05Z,FALSE,63028,6,0,1,1
2022-05-01T01:59:10Z,"#NP Slow Drag In The Morning by Coole High listen here, it's free! https://t.co/cmU7NoHbWC #Radio #NYC",FALSE,102,recent,NA,NA,FALSE,0,0,FALSE,"#NP Slow Drag In The Morning by Coole High listen here, it's free! https://t.co/cmU7NoHbWC #Radio #NYC","Bushwick, Brooklyn",Real radio for real people (and bots if they wanna listen.) üéß Support #PublicRadio curated by humans not an algorithm. $bondfireradio,FALSE,2531,2471,98,2022-05-01T01:59:10Z,FALSE,362656,3,0,1,0
2022-05-01T01:59:02Z,"""I made fun of him!"" Reshat Mati secures shutout win in home #NYC clash - https://t.co/5fEXgo6B6Y -",FALSE,99,recent,NA,NA,FALSE,0,0,FALSE,"""I made fun of him!"" Reshat Mati secures shutout win in home #NYC clash - https://t.co/5fEXgo6B6Y -",,Latest news and opinion from The Global Herald online newspaper.,FALSE,346,7,17,2022-05-01T01:59:02Z,FALSE,121689,1,0,1,0
2022-05-01T01:58:10Z,#Listen to Baltimore by The Tamlins right now on https://t.co/cmU7NoHbWC #Radio #NYC https://t.co/AabDXIA5Kk,FALSE,84,recent,NA,NA,FALSE,0,0,FALSE,#Listen to Baltimore by The Tamlins right now on https://t.co/cmU7NoHbWC #Radio #NYC https://t.co/AabDXIA5Kk,"Bushwick, Brooklyn",Real radio for real people (and bots if they wanna listen.) üéß Support #PublicRadio curated by humans not an algorithm. $bondfireradio,FALSE,2531,2471,98,2022-05-01T01:58:10Z,FALSE,362656,3,0,1,1
2022-05-01T01:58:08Z,"Happy New Year 2022 Kids' Jersey Long Sleeve T-Shirt 
1-3 Days Fast Shipping inside USA üá∫üá∏..
 Get it here üëâ ŸÄŸÄŸÄŸÄŸÄŸÄŸÄŸÄŸÄŸÄŸÄ&gt; https://t.co/k2CVvnMhxk

#onlineshopping #california #nyc #Florida #ustoys #fashion #pets #watches #lifestyle #gadget #automotive #decor #garden https://t.co/qlzXZpCgaI",FALSE,268,recent,NA,NA,FALSE,0,1,FALSE,"Happy New Year 2022 Kids' Jersey Long Sleeve T-Shirt 
1-3 Days Fast Shipping inside USA üá∫üá∏..
 Get it here üëâ ŸÄŸÄŸÄŸÄŸÄŸÄŸÄŸÄŸÄŸÄŸÄ&gt; https://t.co/k2CVvnMhxk

#onlineshopping #california #nyc #Florida #ustoys #fashion #pets #watches #lifestyle #gadget #automotive #decor #garden https://t.co/qlzXZpCgaI",United States,Great selection of High-Quality Products üöö 1-3 Days Fast Shipping inside USA üíµ 700+ CLIENTS LOVE US! üèß 100% SAFE PAYMENT #usaüá∫üá∏ #calfornia #nyc,FALSE,77,558,0,2022-05-01T01:58:08Z,FALSE,3092,13,0,1,1
2022-05-01T01:56:36Z,What a flurry of punches @LiamBeefySmith wins by TKO in round 10!!! #TaylorSerrano #NYC #MSG,FALSE,92,recent,NA,NA,FALSE,0,0,NA,What a flurry of punches @LiamBeefySmith wins by TKO in round 10!!! #TaylorSerrano #NYC #MSG,"Toronto, Ontario",Casting new light on the sweet science. Producers of the internationally distributed tv show BOXING WORLD WEEKLY.,FALSE,714,1097,8,2022-05-01T01:56:36Z,FALSE,4224,3,1,0,0
2022-05-01T01:56:29Z,"Two men robbed a T-Mobile store in the South Bronx at gunpoint this afternoon, then drove into Manhattan and hit a police car at 96th Street and Third Avenue before heading to the FDR Drive. They tried to flee on foot but were captured.

#Bronx #nypd #NewYork #fdrdrive 
#nyc https://t.co/cibglFIUiI",FALSE,275,recent,NA,NA,FALSE,3,3,FALSE,"Two men robbed a T-Mobile store in the South Bronx at gunpoint this afternoon, then drove into Manhattan and hit a police car at 96th Street and Third Avenue before heading to the FDR Drive. They tried to flee on foot but were captured.

#Bronx #nypd #NewYork #fdrdrive 
#nyc https://t.co/cibglFIUiI",,‚Ä¢Breaking News around New York‚Ä¢,FALSE,3139,750,30,2022-05-01T01:56:29Z,FALSE,1212,5,0,0,1
2022-05-01T01:56:24Z,"#BRINGKELLZHOMEüè°‚úäüèæ 
Robert Kelly, INNOCENT.

#RKelly #FreeRKelly #RKellyAPPEAL
#RKellyWillReturn #FreeRobertKelly
#RKellyInNewYork #RKellyWriteMeBack
#NP #DJ #Stream #Music #YouTube #SonyMusic
#Chicago #NewYork #NYC #JenniferBonjean 

üéß‚ñ∂Ô∏èR.KELLYü§é@RKelly
https://t.co/yCop9cBjEv",FALSE,277,recent,NA,NA,FALSE,0,1,FALSE,"#BRINGKELLZHOMEüè°‚úäüèæ 
Robert Kelly, INNOCENT.

#RKelly #FreeRKelly #RKellyAPPEAL
#RKellyWillReturn #FreeRobertKelly
#RKellyInNewYork #RKellyWriteMeBack
#NP #DJ #Stream #Music #YouTube #SonyMusic
#Chicago #NewYork #NYC #JenniferBonjean 

üéß‚ñ∂Ô∏èR.KELLYü§é@RKelly
https://t.co/yCop9cBjEv","BALTIMORE, MD",HIüëãüèæ MISS.COOKIE HERE; MOM 53 MUSIC LOVER: I ADORE #MICHAELJACKSON üíûMJSUPERFAN/4LIFE #LLTKINGMJJ üëë‚ù£Ô∏èPROTECTIVE OF MJs MEMORY LEGACY#RealMJFan I'm NotOnInsta,FALSE,1402,4816,75,2022-05-01T01:56:24Z,FALSE,78637,18,1,1,0
2022-05-01T01:56:05Z,Hi babe im ready to do hook up and play rn add me on snapchat: @mariepelie01 or txt me on whatsapp #shemale #ladyboy #jerkoff #cum #horny #hmu #transgirl #tits #selfsuck #meetups #femboy #NYC #localtrans https://t.co/TbMp8xHSL0,FALSE,203,recent,NA,NA,FALSE,0,5,TRUE,Hi babe im ready to do hook up and play rn add me on snapchat: @mariepelie01 or txt me on whatsapp #shemale #ladyboy #jerkoff #cum #horny #hmu #transgirl #tits #selfsuck #meetups #femboy #NYC #localtrans https://t.co/TbMp8xHSL0,"New York, USA","dm for more details on hookup, snapchat: @mariepelie01",FALSE,1706,1835,9,2022-05-01T01:56:05Z,FALSE,1002,13,0,0,1
